drug,date,quantity_sold
Aspirin,2024-09-09,115
Aspirin,2024-09-10,127
Aspirin,2024-09-11,149
Aspirin,2024-09-12,144
Aspirin,2024-09-13,130
Aspirin,2024-09-14,134
Aspirin,2024-09-15,151
Aspirin,2024-09-16,142
Aspirin,2024-09-17,142
Aspirin,2024-09-18,135
Aspirin,2024-09-19,137
Aspirin,2024-09-20,119
Aspirin,2024-09-21,121
Aspirin,2024-09-22,122
Aspirin,2024-09-23,127
Aspirin,2024-09-24,123
Aspirin,2024-09-25,105
Aspirin,2024-09-26,106
Aspirin,2024-09-27,124
Aspirin,2024-09-28,108
Aspirin,2024-09-29,106
Aspirin,2024-09-30,106
Aspirin,2024-10-01,97
Aspirin,2024-10-02,94
Aspirin,2024-10-03,99
Aspirin,2024-10-04,93
Aspirin,2024-10-05,114
Aspirin,2024-10-06,114
Aspirin,2024-10-07,113
Aspirin,2024-10-08,94
Aspirin,2024-10-09,126
Aspirin,2024-10-10,116
Aspirin,2024-10-11,112
Aspirin,2024-10-12,137
Aspirin,2024-10-13,149
Aspirin,2024-10-14,148
Aspirin,2024-10-15,171
Aspirin,2024-10-16,132
Aspirin,2024-10-17,126
Aspirin,2024-10-18,150
Aspirin,2024-10-19,138
Aspirin,2024-10-20,141
Aspirin,2024-10-21,156
Aspirin,2024-10-22,126
Aspirin,2024-10-23,137
Aspirin,2024-10-24,114
Aspirin,2024-10-25,139
Aspirin,2024-10-26,109
Aspirin,2024-10-27,117
Aspirin,2024-10-28,123
Aspirin,2024-10-29,91
Aspirin,2024-10-30,96
Aspirin,2024-10-31,94
Aspirin,2024-11-01,97
Aspirin,2024-11-02,108
Aspirin,2024-11-03,106
Aspirin,2024-11-04,101
Aspirin,2024-11-05,96
Aspirin,2024-11-06,128
Aspirin,2024-11-07,106
Aspirin,2024-11-08,130
Aspirin,2024-11-09,108
Aspirin,2024-11-10,130
Aspirin,2024-11-11,153
Aspirin,2024-11-12,122
Aspirin,2024-11-13,144
Aspirin,2024-11-14,112
Aspirin,2024-11-15,138
Aspirin,2024-11-16,154
Aspirin,2024-11-17,138
Aspirin,2024-11-18,148
Aspirin,2024-11-19,151
Aspirin,2024-11-20,117
Aspirin,2024-11-21,134
Aspirin,2024-11-22,110
Aspirin,2024-11-23,138
Aspirin,2024-11-24,128
Aspirin,2024-11-25,115
Aspirin,2024-11-26,128
Aspirin,2024-11-27,103
Aspirin,2024-11-28,99
Aspirin,2024-11-29,119
Aspirin,2024-11-30,127
Aspirin,2024-12-01,101
Aspirin,2024-12-02,112
Aspirin,2024-12-03,99
Aspirin,2024-12-04,118
Aspirin,2024-12-05,125
Aspirin,2024-12-06,121
Aspirin,2024-12-07,102
Aspirin,2024-12-08,114
Aspirin,2024-12-09,130
Aspirin,2024-12-10,140
Aspirin,2024-12-11,137
Aspirin,2024-12-12,136
Aspirin,2024-12-13,137
Aspirin,2024-12-14,145
Aspirin,2024-12-15,138
Aspirin,2024-12-16,157
Aspirin,2024-12-17,133
Aspirin,2024-12-18,131
Aspirin,2024-12-19,146
Aspirin,2024-12-20,133
Aspirin,2024-12-21,112
Aspirin,2024-12-22,126
Aspirin,2024-12-23,154
Aspirin,2024-12-24,102
Aspirin,2024-12-25,136
Aspirin,2024-12-26,88
Aspirin,2024-12-27,113
Aspirin,2024-12-28,98
Aspirin,2024-12-29,105
Aspirin,2024-12-30,88
Aspirin,2024-12-31,107
Aspirin,2025-01-01,98
Aspirin,2025-01-02,95
Aspirin,2025-01-03,105
Aspirin,2025-01-04,94
Aspirin,2025-01-05,122
Aspirin,2025-01-06,106
Aspirin,2025-01-07,123
Aspirin,2025-01-08,110
Aspirin,2025-01-09,137
Aspirin,2025-01-10,137
Aspirin,2025-01-11,137
Aspirin,2025-01-12,115
Aspirin,2025-01-13,141
Aspirin,2025-01-14,110
Aspirin,2025-01-15,144
Aspirin,2025-01-16,116
Aspirin,2025-01-17,126
Aspirin,2025-01-18,161
Aspirin,2025-01-19,153
Aspirin,2025-01-20,131
Aspirin,2025-01-21,146
Aspirin,2025-01-22,127
Aspirin,2025-01-23,102
Aspirin,2025-01-24,129
Aspirin,2025-01-25,117
Aspirin,2025-01-26,115
Aspirin,2025-01-27,109
Aspirin,2025-01-28,112
Aspirin,2025-01-29,134
Aspirin,2025-01-30,90
Aspirin,2025-01-31,87
Aspirin,2025-02-01,122
Aspirin,2025-02-02,96
Aspirin,2025-02-03,132
Aspirin,2025-02-04,124
Aspirin,2025-02-05,123
Aspirin,2025-02-06,108
Aspirin,2025-02-07,103
Aspirin,2025-02-08,103
Aspirin,2025-02-09,95
Aspirin,2025-02-10,145
Aspirin,2025-02-11,131
Aspirin,2025-02-12,155
Aspirin,2025-02-13,121
Aspirin,2025-02-14,132
Aspirin,2025-02-15,132
Aspirin,2025-02-16,138
Aspirin,2025-02-17,112
Aspirin,2025-02-18,108
Aspirin,2025-02-19,116
Aspirin,2025-02-20,107
Aspirin,2025-02-21,158
Aspirin,2025-02-22,127
Aspirin,2025-02-23,105
Aspirin,2025-02-24,135
Aspirin,2025-02-25,114
Aspirin,2025-02-26,101
Aspirin,2025-02-27,87
Aspirin,2025-02-28,123
Aspirin,2025-03-01,106
Aspirin,2025-03-02,85
Aspirin,2025-03-03,128
Aspirin,2025-03-04,114
Aspirin,2025-03-05,134
Aspirin,2025-03-06,147
Aspirin,2025-03-07,102
Aspirin,2025-03-08,103
Aspirin,2025-03-09,138
Aspirin,2025-03-10,146
Aspirin,2025-03-11,124
Aspirin,2025-03-12,117
Aspirin,2025-03-13,149
Aspirin,2025-03-14,129
Aspirin,2025-03-15,138
Aspirin,2025-03-16,142
Aspirin,2025-03-17,110
Aspirin,2025-03-18,126
Aspirin,2025-03-19,153
Aspirin,2025-03-20,145
Aspirin,2025-03-21,103
Aspirin,2025-03-22,123
Aspirin,2025-03-23,121
Aspirin,2025-03-24,150
Aspirin,2025-03-25,127
Aspirin,2025-03-26,131
Aspirin,2025-03-27,65
Aspirin,2025-03-28,68
Aspirin,2025-03-29,108
Aspirin,2025-03-30,110
Aspirin,2025-03-31,128
Aspirin,2025-04-01,128
Aspirin,2025-04-02,130
Aspirin,2025-04-03,67
Aspirin,2025-04-04,92
Aspirin,2025-04-05,131
Aspirin,2025-04-06,100
Aspirin,2025-04-07,123
Aspirin,2025-04-08,156
Aspirin,2025-04-09,175
Aspirin,2025-04-10,153
Aspirin,2025-04-11,102
Aspirin,2025-04-12,146
Aspirin,2025-04-13,170
Aspirin,2025-04-14,131
Aspirin,2025-04-15,135
Aspirin,2025-04-16,126
Aspirin,2025-04-17,151
Aspirin,2025-04-18,108
Aspirin,2025-04-19,129
Aspirin,2025-04-20,142
Aspirin,2025-04-21,97
Aspirin,2025-04-22,147
Aspirin,2025-04-23,138
Aspirin,2025-04-24,112
Aspirin,2025-04-25,125
Aspirin,2025-04-26,83
Aspirin,2025-04-27,110
Aspirin,2025-04-28,123
Aspirin,2025-04-29,55
Aspirin,2025-04-30,94
Aspirin,2025-05-01,102
Aspirin,2025-05-02,104
Aspirin,2025-05-03,104
Aspirin,2025-05-04,134
Aspirin,2025-05-05,112
Aspirin,2025-05-06,171
Aspirin,2025-05-07,140
Aspirin,2025-05-08,102
Aspirin,2025-05-09,129
Aspirin,2025-05-10,121
Aspirin,2025-05-11,127
Aspirin,2025-05-12,172
Aspirin,2025-05-13,146
Aspirin,2025-05-14,177
Aspirin,2025-05-15,124
Aspirin,2025-05-16,160
Aspirin,2025-05-17,96
Aspirin,2025-05-18,181
Aspirin,2025-05-19,144
Aspirin,2025-05-20,161
Aspirin,2025-05-21,135
Aspirin,2025-05-22,153
Aspirin,2025-05-23,115
Aspirin,2025-05-24,119
Aspirin,2025-05-25,102
Aspirin,2025-05-26,160
Aspirin,2025-05-27,136
Aspirin,2025-05-28,79
Aspirin,2025-05-29,85
Aspirin,2025-05-30,152
Aspirin,2025-05-31,100
Aspirin,2025-06-01,108
Aspirin,2025-06-02,121
Aspirin,2025-06-03,101
Aspirin,2025-06-04,108
Aspirin,2025-06-05,111
Aspirin,2025-06-06,99
Aspirin,2025-06-07,95
Aspirin,2025-06-08,157
Aspirin,2025-06-09,139
Aspirin,2025-06-10,155
Aspirin,2025-06-11,181
Aspirin,2025-06-12,134
Aspirin,2025-06-13,147
Aspirin,2025-06-14,156
Aspirin,2025-06-15,151
Aspirin,2025-06-16,183
Aspirin,2025-06-17,145
Aspirin,2025-06-18,148
Aspirin,2025-06-19,94
Aspirin,2025-06-20,112
Aspirin,2025-06-21,104
Aspirin,2025-06-22,124
Aspirin,2025-06-23,54
Aspirin,2025-06-24,85
Aspirin,2025-06-25,103
Aspirin,2025-06-26,115
Aspirin,2025-06-27,152
Aspirin,2025-06-28,73
Aspirin,2025-06-29,120
Aspirin,2025-06-30,98
Aspirin,2025-07-01,74
Aspirin,2025-07-02,65
Aspirin,2025-07-03,138
Aspirin,2025-07-04,57
Aspirin,2025-07-05,155
Aspirin,2025-07-06,45
Aspirin,2025-07-07,154
Aspirin,2025-07-08,123
Aspirin,2025-07-09,107
Aspirin,2025-07-10,232
Aspirin,2025-07-11,149
Aspirin,2025-07-12,138
Aspirin,2025-07-13,117
Aspirin,2025-07-14,154
Aspirin,2025-07-15,128
Aspirin,2025-07-16,149
Aspirin,2025-07-17,156
Aspirin,2025-07-18,154
Aspirin,2025-07-19,113
Aspirin,2025-07-20,141
Aspirin,2025-07-21,118
Aspirin,2025-07-22,118
Aspirin,2025-07-23,96
Aspirin,2025-07-24,130
Aspirin,2025-07-25,145
Aspirin,2025-07-26,131
Aspirin,2025-07-27,82
Aspirin,2025-07-28,127
Aspirin,2025-07-29,125
Aspirin,2025-07-30,52
Aspirin,2025-07-31,108
Aspirin,2025-08-01,106
Aspirin,2025-08-02,109
Aspirin,2025-08-03,109
Aspirin,2025-08-04,128
Aspirin,2025-08-05,109
Aspirin,2025-08-06,139
Aspirin,2025-08-07,178
Aspirin,2025-08-08,180
Aspirin,2025-08-09,157
Aspirin,2025-08-10,186
Aspirin,2025-08-11,132
Aspirin,2025-08-12,184
Aspirin,2025-08-13,127
Aspirin,2025-08-14,115
Aspirin,2025-08-15,202
Aspirin,2025-08-16,156
Aspirin,2025-08-17,133
Aspirin,2025-08-18,170
Aspirin,2025-08-19,50
Aspirin,2025-08-20,122
Aspirin,2025-08-21,108
Aspirin,2025-08-22,162
Aspirin,2025-08-23,85
Aspirin,2025-08-24,91
Aspirin,2025-08-25,175
Aspirin,2025-08-26,87
Aspirin,2025-08-27,153
Aspirin,2025-08-28,149
Aspirin,2025-08-29,119
Aspirin,2025-08-30,67
Aspirin,2025-08-31,78
Aspirin,2025-09-01,143
Aspirin,2025-09-02,158
Aspirin,2025-09-03,136
Aspirin,2025-09-04,141
Aspirin,2025-09-05,149
Aspirin,2025-09-06,145
Aspirin,2025-09-07,67
Aspirin,2025-09-08,134
Aspirin,2025-09-09,126
Ibuprofen,2024-09-09,146
Ibuprofen,2024-09-10,138
Ibuprofen,2024-09-11,133
Ibuprofen,2024-09-12,163
Ibuprofen,2024-09-13,140
Ibuprofen,2024-09-14,171
Ibuprofen,2024-09-15,137
Ibuprofen,2024-09-16,165
Ibuprofen,2024-09-17,158
Ibuprofen,2024-09-18,161
Ibuprofen,2024-09-19,151
Ibuprofen,2024-09-20,152
Ibuprofen,2024-09-21,150
Ibuprofen,2024-09-22,139
Ibuprofen,2024-09-23,152
Ibuprofen,2024-09-24,137
Ibuprofen,2024-09-25,115
Ibuprofen,2024-09-26,140
Ibuprofen,2024-09-27,122
Ibuprofen,2024-09-28,125
Ibuprofen,2024-09-29,118
Ibuprofen,2024-09-30,114
Ibuprofen,2024-10-01,130
Ibuprofen,2024-10-02,100
Ibuprofen,2024-10-03,112
Ibuprofen,2024-10-04,130
Ibuprofen,2024-10-05,128
Ibuprofen,2024-10-06,135
Ibuprofen,2024-10-07,127
Ibuprofen,2024-10-08,125
Ibuprofen,2024-10-09,133
Ibuprofen,2024-10-10,132
Ibuprofen,2024-10-11,142
Ibuprofen,2024-10-12,139
Ibuprofen,2024-10-13,136
Ibuprofen,2024-10-14,156
Ibuprofen,2024-10-15,155
Ibuprofen,2024-10-16,151
Ibuprofen,2024-10-17,155
Ibuprofen,2024-10-18,166
Ibuprofen,2024-10-19,155
Ibuprofen,2024-10-20,132
Ibuprofen,2024-10-21,130
Ibuprofen,2024-10-22,140
Ibuprofen,2024-10-23,126
Ibuprofen,2024-10-24,145
Ibuprofen,2024-10-25,121
Ibuprofen,2024-10-26,122
Ibuprofen,2024-10-27,124
Ibuprofen,2024-10-28,99
Ibuprofen,2024-10-29,111
Ibuprofen,2024-10-30,104
Ibuprofen,2024-10-31,117
Ibuprofen,2024-11-01,116
Ibuprofen,2024-11-02,124
Ibuprofen,2024-11-03,110
Ibuprofen,2024-11-04,114
Ibuprofen,2024-11-05,110
Ibuprofen,2024-11-06,125
Ibuprofen,2024-11-07,124
Ibuprofen,2024-11-08,122
Ibuprofen,2024-11-09,124
Ibuprofen,2024-11-10,145
Ibuprofen,2024-11-11,173
Ibuprofen,2024-11-12,141
Ibuprofen,2024-11-13,141
Ibuprofen,2024-11-14,149
Ibuprofen,2024-11-15,155
Ibuprofen,2024-11-16,165
Ibuprofen,2024-11-17,147
Ibuprofen,2024-11-18,155
Ibuprofen,2024-11-19,155
Ibuprofen,2024-11-20,131
Ibuprofen,2024-11-21,140
Ibuprofen,2024-11-22,130
Ibuprofen,2024-11-23,141
Ibuprofen,2024-11-24,138
Ibuprofen,2024-11-25,130
Ibuprofen,2024-11-26,124
Ibuprofen,2024-11-27,100
Ibuprofen,2024-11-28,113
Ibuprofen,2024-11-29,116
Ibuprofen,2024-11-30,136
Ibuprofen,2024-12-01,83
Ibuprofen,2024-12-02,118
Ibuprofen,2024-12-03,110
Ibuprofen,2024-12-04,140
Ibuprofen,2024-12-05,134
Ibuprofen,2024-12-06,108
Ibuprofen,2024-12-07,146
Ibuprofen,2024-12-08,122
Ibuprofen,2024-12-09,135
Ibuprofen,2024-12-10,130
Ibuprofen,2024-12-11,137
Ibuprofen,2024-12-12,159
Ibuprofen,2024-12-13,124
Ibuprofen,2024-12-14,150
Ibuprofen,2024-12-15,147
Ibuprofen,2024-12-16,147
Ibuprofen,2024-12-17,108
Ibuprofen,2024-12-18,166
Ibuprofen,2024-12-19,145
Ibuprofen,2024-12-20,151
Ibuprofen,2024-12-21,125
Ibuprofen,2024-12-22,146
Ibuprofen,2024-12-23,133
Ibuprofen,2024-12-24,105
Ibuprofen,2024-12-25,143
Ibuprofen,2024-12-26,135
Ibuprofen,2024-12-27,121
Ibuprofen,2024-12-28,127
Ibuprofen,2024-12-29,111
Ibuprofen,2024-12-30,116
Ibuprofen,2024-12-31,122
Ibuprofen,2025-01-01,110
Ibuprofen,2025-01-02,133
Ibuprofen,2025-01-03,148
Ibuprofen,2025-01-04,143
Ibuprofen,2025-01-05,132
Ibuprofen,2025-01-06,132
Ibuprofen,2025-01-07,149
Ibuprofen,2025-01-08,104
Ibuprofen,2025-01-09,149
Ibuprofen,2025-01-10,142
Ibuprofen,2025-01-11,173
Ibuprofen,2025-01-12,143
Ibuprofen,2025-01-13,148
Ibuprofen,2025-01-14,143
Ibuprofen,2025-01-15,137
Ibuprofen,2025-01-16,149
Ibuprofen,2025-01-17,128
Ibuprofen,2025-01-18,177
Ibuprofen,2025-01-19,156
Ibuprofen,2025-01-20,137
Ibuprofen,2025-01-21,133
Ibuprofen,2025-01-22,131
Ibuprofen,2025-01-23,126
Ibuprofen,2025-01-24,139
Ibuprofen,2025-01-25,144
Ibuprofen,2025-01-26,138
Ibuprofen,2025-01-27,123
Ibuprofen,2025-01-28,80
Ibuprofen,2025-01-29,101
Ibuprofen,2025-01-30,96
Ibuprofen,2025-01-31,98
Ibuprofen,2025-02-01,75
Ibuprofen,2025-02-02,122
Ibuprofen,2025-02-03,146
Ibuprofen,2025-02-04,156
Ibuprofen,2025-02-05,144
Ibuprofen,2025-02-06,152
Ibuprofen,2025-02-07,134
Ibuprofen,2025-02-08,148
Ibuprofen,2025-02-09,109
Ibuprofen,2025-02-10,165
Ibuprofen,2025-02-11,136
Ibuprofen,2025-02-12,116
Ibuprofen,2025-02-13,145
Ibuprofen,2025-02-14,174
Ibuprofen,2025-02-15,140
Ibuprofen,2025-02-16,169
Ibuprofen,2025-02-17,146
Ibuprofen,2025-02-18,147
Ibuprofen,2025-02-19,150
Ibuprofen,2025-02-20,146
Ibuprofen,2025-02-21,134
Ibuprofen,2025-02-22,109
Ibuprofen,2025-02-23,111
Ibuprofen,2025-02-24,127
Ibuprofen,2025-02-25,88
Ibuprofen,2025-02-26,111
Ibuprofen,2025-02-27,119
Ibuprofen,2025-02-28,127
Ibuprofen,2025-03-01,120
Ibuprofen,2025-03-02,115
Ibuprofen,2025-03-03,107
Ibuprofen,2025-03-04,124
Ibuprofen,2025-03-05,106
Ibuprofen,2025-03-06,87
Ibuprofen,2025-03-07,132
Ibuprofen,2025-03-08,123
Ibuprofen,2025-03-09,148
Ibuprofen,2025-03-10,142
Ibuprofen,2025-03-11,146
Ibuprofen,2025-03-12,174
Ibuprofen,2025-03-13,146
Ibuprofen,2025-03-14,183
Ibuprofen,2025-03-15,192
Ibuprofen,2025-03-16,151
Ibuprofen,2025-03-17,174
Ibuprofen,2025-03-18,100
Ibuprofen,2025-03-19,141
Ibuprofen,2025-03-20,197
Ibuprofen,2025-03-21,156
Ibuprofen,2025-03-22,143
Ibuprofen,2025-03-23,80
Ibuprofen,2025-03-24,126
Ibuprofen,2025-03-25,151
Ibuprofen,2025-03-26,118
Ibuprofen,2025-03-27,132
Ibuprofen,2025-03-28,116
Ibuprofen,2025-03-29,129
Ibuprofen,2025-03-30,146
Ibuprofen,2025-03-31,111
Ibuprofen,2025-04-01,123
Ibuprofen,2025-04-02,105
Ibuprofen,2025-04-03,91
Ibuprofen,2025-04-04,93
Ibuprofen,2025-04-05,127
Ibuprofen,2025-04-06,123
Ibuprofen,2025-04-07,75
Ibuprofen,2025-04-08,130
Ibuprofen,2025-04-09,178
Ibuprofen,2025-04-10,182
Ibuprofen,2025-04-11,138
Ibuprofen,2025-04-12,113
Ibuprofen,2025-04-13,143
Ibuprofen,2025-04-14,164
Ibuprofen,2025-04-15,171
Ibuprofen,2025-04-16,119
Ibuprofen,2025-04-17,180
Ibuprofen,2025-04-18,156
Ibuprofen,2025-04-19,155
Ibuprofen,2025-04-20,188
Ibuprofen,2025-04-21,189
Ibuprofen,2025-04-22,60
Ibuprofen,2025-04-23,116
Ibuprofen,2025-04-24,109
Ibuprofen,2025-04-25,130
Ibuprofen,2025-04-26,125
Ibuprofen,2025-04-27,96
Ibuprofen,2025-04-28,98
Ibuprofen,2025-04-29,111
Ibuprofen,2025-04-30,76
Ibuprofen,2025-05-01,102
Ibuprofen,2025-05-02,94
Ibuprofen,2025-05-03,121
Ibuprofen,2025-05-04,157
Ibuprofen,2025-05-05,106
Ibuprofen,2025-05-06,147
Ibuprofen,2025-05-07,152
Ibuprofen,2025-05-08,155
Ibuprofen,2025-05-09,150
Ibuprofen,2025-05-10,186
Ibuprofen,2025-05-11,171
Ibuprofen,2025-05-12,150
Ibuprofen,2025-05-13,138
Ibuprofen,2025-05-14,183
Ibuprofen,2025-05-15,175
Ibuprofen,2025-05-16,135
Ibuprofen,2025-05-17,167
Ibuprofen,2025-05-18,115
Ibuprofen,2025-05-19,145
Ibuprofen,2025-05-20,97
Ibuprofen,2025-05-21,131
Ibuprofen,2025-05-22,146
Ibuprofen,2025-05-23,151
Ibuprofen,2025-05-24,120
Ibuprofen,2025-05-25,132
Ibuprofen,2025-05-26,145
Ibuprofen,2025-05-27,144
Ibuprofen,2025-05-28,123
Ibuprofen,2025-05-29,62
Ibuprofen,2025-05-30,115
Ibuprofen,2025-05-31,115
Ibuprofen,2025-06-01,126
Ibuprofen,2025-06-02,136
Ibuprofen,2025-06-03,110
Ibuprofen,2025-06-04,138
Ibuprofen,2025-06-05,105
Ibuprofen,2025-06-06,129
Ibuprofen,2025-06-07,154
Ibuprofen,2025-06-08,129
Ibuprofen,2025-06-09,112
Ibuprofen,2025-06-10,98
Ibuprofen,2025-06-11,173
Ibuprofen,2025-06-12,139
Ibuprofen,2025-06-13,145
Ibuprofen,2025-06-14,172
Ibuprofen,2025-06-15,170
Ibuprofen,2025-06-16,104
Ibuprofen,2025-06-17,120
Ibuprofen,2025-06-18,173
Ibuprofen,2025-06-19,167
Ibuprofen,2025-06-20,164
Ibuprofen,2025-06-21,176
Ibuprofen,2025-06-22,148
Ibuprofen,2025-06-23,102
Ibuprofen,2025-06-24,98
Ibuprofen,2025-06-25,146
Ibuprofen,2025-06-26,149
Ibuprofen,2025-06-27,103
Ibuprofen,2025-06-28,110
Ibuprofen,2025-06-29,105
Ibuprofen,2025-06-30,161
Ibuprofen,2025-07-01,89
Ibuprofen,2025-07-02,131
Ibuprofen,2025-07-03,79
Ibuprofen,2025-07-04,112
Ibuprofen,2025-07-05,103
Ibuprofen,2025-07-06,146
Ibuprofen,2025-07-07,141
Ibuprofen,2025-07-08,130
Ibuprofen,2025-07-09,194
Ibuprofen,2025-07-10,198
Ibuprofen,2025-07-11,123
Ibuprofen,2025-07-12,156
Ibuprofen,2025-07-13,154
Ibuprofen,2025-07-14,155
Ibuprofen,2025-07-15,143
Ibuprofen,2025-07-16,95
Ibuprofen,2025-07-17,170
Ibuprofen,2025-07-18,177
Ibuprofen,2025-07-19,161
Ibuprofen,2025-07-20,97
Ibuprofen,2025-07-21,140
Ibuprofen,2025-07-22,94
Ibuprofen,2025-07-23,217
Ibuprofen,2025-07-24,130
Ibuprofen,2025-07-25,104
Ibuprofen,2025-07-26,99
Ibuprofen,2025-07-27,197
Ibuprofen,2025-07-28,164
Ibuprofen,2025-07-29,63
Ibuprofen,2025-07-30,89
Ibuprofen,2025-07-31,127
Ibuprofen,2025-08-01,149
Ibuprofen,2025-08-02,112
Ibuprofen,2025-08-03,153
Ibuprofen,2025-08-04,107
Ibuprofen,2025-08-05,142
Ibuprofen,2025-08-06,101
Ibuprofen,2025-08-07,170
Ibuprofen,2025-08-08,177
Ibuprofen,2025-08-09,153
Ibuprofen,2025-08-10,67
Ibuprofen,2025-08-11,141
Ibuprofen,2025-08-12,108
Ibuprofen,2025-08-13,177
Ibuprofen,2025-08-14,120
Ibuprofen,2025-08-15,109
Ibuprofen,2025-08-16,95
Ibuprofen,2025-08-17,210
Ibuprofen,2025-08-18,137
Ibuprofen,2025-08-19,83
Ibuprofen,2025-08-20,140
Ibuprofen,2025-08-21,116
Ibuprofen,2025-08-22,89
Ibuprofen,2025-08-23,91
Ibuprofen,2025-08-24,180
Ibuprofen,2025-08-25,128
Ibuprofen,2025-08-26,148
Ibuprofen,2025-08-27,116
Ibuprofen,2025-08-28,98
Ibuprofen,2025-08-29,146
Ibuprofen,2025-08-30,124
Ibuprofen,2025-08-31,168
Ibuprofen,2025-09-01,145
Ibuprofen,2025-09-02,126
Ibuprofen,2025-09-03,100
Ibuprofen,2025-09-04,190
Ibuprofen,2025-09-05,230
Ibuprofen,2025-09-06,90
Ibuprofen,2025-09-07,159
Ibuprofen,2025-09-08,136
Ibuprofen,2025-09-09,125
Acetaminophen,2024-09-09,87
Acetaminophen,2024-09-10,96
Acetaminophen,2024-09-11,101
Acetaminophen,2024-09-12,90
Acetaminophen,2024-09-13,90
Acetaminophen,2024-09-14,105
Acetaminophen,2024-09-15,84
Acetaminophen,2024-09-16,102
Acetaminophen,2024-09-17,92
Acetaminophen,2024-09-18,107
Acetaminophen,2024-09-19,114
Acetaminophen,2024-09-20,92
Acetaminophen,2024-09-21,76
Acetaminophen,2024-09-22,66
Acetaminophen,2024-09-23,82
Acetaminophen,2024-09-24,90
Acetaminophen,2024-09-25,68
Acetaminophen,2024-09-26,84
Acetaminophen,2024-09-27,68
Acetaminophen,2024-09-28,69
Acetaminophen,2024-09-29,67
Acetaminophen,2024-09-30,79
Acetaminophen,2024-10-01,42
Acetaminophen,2024-10-02,55
Acetaminophen,2024-10-03,73
Acetaminophen,2024-10-04,68
Acetaminophen,2024-10-05,73
Acetaminophen,2024-10-06,75
Acetaminophen,2024-10-07,82
Acetaminophen,2024-10-08,67
Acetaminophen,2024-10-09,82
Acetaminophen,2024-10-10,88
Acetaminophen,2024-10-11,73
Acetaminophen,2024-10-12,83
Acetaminophen,2024-10-13,115
Acetaminophen,2024-10-14,99
Acetaminophen,2024-10-15,97
Acetaminophen,2024-10-16,120
Acetaminophen,2024-10-17,97
Acetaminophen,2024-10-18,111
Acetaminophen,2024-10-19,89
Acetaminophen,2024-10-20,78
Acetaminophen,2024-10-21,105
Acetaminophen,2024-10-22,84
Acetaminophen,2024-10-23,103
Acetaminophen,2024-10-24,70
Acetaminophen,2024-10-25,65
Acetaminophen,2024-10-26,54
Acetaminophen,2024-10-27,59
Acetaminophen,2024-10-28,72
Acetaminophen,2024-10-29,62
Acetaminophen,2024-10-30,57
Acetaminophen,2024-10-31,74
Acetaminophen,2024-11-01,36
Acetaminophen,2024-11-02,47
Acetaminophen,2024-11-03,86
Acetaminophen,2024-11-04,58
Acetaminophen,2024-11-05,55
Acetaminophen,2024-11-06,76
Acetaminophen,2024-11-07,77
Acetaminophen,2024-11-08,84
Acetaminophen,2024-11-09,62
Acetaminophen,2024-11-10,101
Acetaminophen,2024-11-11,93
Acetaminophen,2024-11-12,103
Acetaminophen,2024-11-13,94
Acetaminophen,2024-11-14,91
Acetaminophen,2024-11-15,102
Acetaminophen,2024-11-16,111
Acetaminophen,2024-11-17,91
Acetaminophen,2024-11-18,79
Acetaminophen,2024-11-19,95
Acetaminophen,2024-11-20,109
Acetaminophen,2024-11-21,76
Acetaminophen,2024-11-22,87
Acetaminophen,2024-11-23,85
Acetaminophen,2024-11-24,71
Acetaminophen,2024-11-25,60
Acetaminophen,2024-11-26,64
Acetaminophen,2024-11-27,78
Acetaminophen,2024-11-28,41
Acetaminophen,2024-11-29,54
Acetaminophen,2024-11-30,71
Acetaminophen,2024-12-01,55
Acetaminophen,2024-12-02,66
Acetaminophen,2024-12-03,48
Acetaminophen,2024-12-04,61
Acetaminophen,2024-12-05,45
Acetaminophen,2024-12-06,74
Acetaminophen,2024-12-07,67
Acetaminophen,2024-12-08,63
Acetaminophen,2024-12-09,70
Acetaminophen,2024-12-10,104
Acetaminophen,2024-12-11,92
Acetaminophen,2024-12-12,102
Acetaminophen,2024-12-13,127
Acetaminophen,2024-12-14,128
Acetaminophen,2024-12-15,124
Acetaminophen,2024-12-16,99
Acetaminophen,2024-12-17,120
Acetaminophen,2024-12-18,86
Acetaminophen,2024-12-19,78
Acetaminophen,2024-12-20,78
Acetaminophen,2024-12-21,84
Acetaminophen,2024-12-22,90
Acetaminophen,2024-12-23,89
Acetaminophen,2024-12-24,112
Acetaminophen,2024-12-25,64
Acetaminophen,2024-12-26,38
Acetaminophen,2024-12-27,81
Acetaminophen,2024-12-28,81
Acetaminophen,2024-12-29,66
Acetaminophen,2024-12-30,23
Acetaminophen,2024-12-31,66
Acetaminophen,2025-01-01,86
Acetaminophen,2025-01-02,50
Acetaminophen,2025-01-03,58
Acetaminophen,2025-01-04,98
Acetaminophen,2025-01-05,70
Acetaminophen,2025-01-06,77
Acetaminophen,2025-01-07,60
Acetaminophen,2025-01-08,84
Acetaminophen,2025-01-09,75
Acetaminophen,2025-01-10,85
Acetaminophen,2025-01-11,92
Acetaminophen,2025-01-12,115
Acetaminophen,2025-01-13,89
Acetaminophen,2025-01-14,100
Acetaminophen,2025-01-15,112
Acetaminophen,2025-01-16,86
Acetaminophen,2025-01-17,104
Acetaminophen,2025-01-18,109
Acetaminophen,2025-01-19,108
Acetaminophen,2025-01-20,96
Acetaminophen,2025-01-21,49
Acetaminophen,2025-01-22,91
Acetaminophen,2025-01-23,77
Acetaminophen,2025-01-24,58
Acetaminophen,2025-01-25,89
Acetaminophen,2025-01-26,70
Acetaminophen,2025-01-27,76
Acetaminophen,2025-01-28,38
Acetaminophen,2025-01-29,77
Acetaminophen,2025-01-30,68
Acetaminophen,2025-01-31,37
Acetaminophen,2025-02-01,71
Acetaminophen,2025-02-02,43
Acetaminophen,2025-02-03,19
Acetaminophen,2025-02-04,67
Acetaminophen,2025-02-05,83
Acetaminophen,2025-02-06,74
Acetaminophen,2025-02-07,86
Acetaminophen,2025-02-08,122
Acetaminophen,2025-02-09,72
Acetaminophen,2025-02-10,78
Acetaminophen,2025-02-11,82
Acetaminophen,2025-02-12,104
Acetaminophen,2025-02-13,99
Acetaminophen,2025-02-14,92
Acetaminophen,2025-02-15,119
Acetaminophen,2025-02-16,57
Acetaminophen,2025-02-17,81
Acetaminophen,2025-02-18,68
Acetaminophen,2025-02-19,65
Acetaminophen,2025-02-20,117
Acetaminophen,2025-02-21,82
Acetaminophen,2025-02-22,50
Acetaminophen,2025-02-23,71
Acetaminophen,2025-02-24,74
Acetaminophen,2025-02-25,74
Acetaminophen,2025-02-26,30
Acetaminophen,2025-02-27,73
Acetaminophen,2025-02-28,83
Acetaminophen,2025-03-01,53
Acetaminophen,2025-03-02,45
Acetaminophen,2025-03-03,66
Acetaminophen,2025-03-04,68
Acetaminophen,2025-03-05,79
Acetaminophen,2025-03-06,88
Acetaminophen,2025-03-07,68
Acetaminophen,2025-03-08,60
Acetaminophen,2025-03-09,97
Acetaminophen,2025-03-10,126
Acetaminophen,2025-03-11,97
Acetaminophen,2025-03-12,64
Acetaminophen,2025-03-13,78
Acetaminophen,2025-03-14,101
Acetaminophen,2025-03-15,94
Acetaminophen,2025-03-16,143
Acetaminophen,2025-03-17,121
Acetaminophen,2025-03-18,139
Acetaminophen,2025-03-19,109
Acetaminophen,2025-03-20,144
Acetaminophen,2025-03-21,57
Acetaminophen,2025-03-22,68
Acetaminophen,2025-03-23,69
Acetaminophen,2025-03-24,55
Acetaminophen,2025-03-25,58
Acetaminophen,2025-03-26,62
Acetaminophen,2025-03-27,97
Acetaminophen,2025-03-28,49
Acetaminophen,2025-03-29,57
Acetaminophen,2025-03-30,79
Acetaminophen,2025-03-31,74
Acetaminophen,2025-04-01,75
Acetaminophen,2025-04-02,43
Acetaminophen,2025-04-03,29
Acetaminophen,2025-04-04,17
Acetaminophen,2025-04-05,43
Acetaminophen,2025-04-06,88
Acetaminophen,2025-04-07,71
Acetaminophen,2025-04-08,70
Acetaminophen,2025-04-09,118
Acetaminophen,2025-04-10,110
Acetaminophen,2025-04-11,69
Acetaminophen,2025-04-12,94
Acetaminophen,2025-04-13,101
Acetaminophen,2025-04-14,107
Acetaminophen,2025-04-15,133
Acetaminophen,2025-04-16,99
Acetaminophen,2025-04-17,97
Acetaminophen,2025-04-18,74
Acetaminophen,2025-04-19,76
Acetaminophen,2025-04-20,100
Acetaminophen,2025-04-21,81
Acetaminophen,2025-04-22,113
Acetaminophen,2025-04-23,70
Acetaminophen,2025-04-24,82
Acetaminophen,2025-04-25,85
Acetaminophen,2025-04-26,63
Acetaminophen,2025-04-27,73
Acetaminophen,2025-04-28,91
Acetaminophen,2025-04-29,0
Acetaminophen,2025-04-30,26
Acetaminophen,2025-05-01,44
Acetaminophen,2025-05-02,73
Acetaminophen,2025-05-03,82
Acetaminophen,2025-05-04,73
Acetaminophen,2025-05-05,17
Acetaminophen,2025-05-06,45
Acetaminophen,2025-05-07,43
Acetaminophen,2025-05-08,73
Acetaminophen,2025-05-09,66
Acetaminophen,2025-05-10,51
Acetaminophen,2025-05-11,86
Acetaminophen,2025-05-12,53
Acetaminophen,2025-05-13,85
Acetaminophen,2025-05-14,101
Acetaminophen,2025-05-15,139
Acetaminophen,2025-05-16,68
Acetaminophen,2025-05-17,116
Acetaminophen,2025-05-18,110
Acetaminophen,2025-05-19,77
Acetaminophen,2025-05-20,71
Acetaminophen,2025-05-21,59
Acetaminophen,2025-05-22,56
Acetaminophen,2025-05-23,46
Acetaminophen,2025-05-24,80
Acetaminophen,2025-05-25,68
Acetaminophen,2025-05-26,71
Acetaminophen,2025-05-27,108
Acetaminophen,2025-05-28,85
Acetaminophen,2025-05-29,100
Acetaminophen,2025-05-30,117
Acetaminophen,2025-05-31,107
Acetaminophen,2025-06-01,56
Acetaminophen,2025-06-02,36
Acetaminophen,2025-06-03,20
Acetaminophen,2025-06-04,1
Acetaminophen,2025-06-05,72
Acetaminophen,2025-06-06,48
Acetaminophen,2025-06-07,97
Acetaminophen,2025-06-08,97
Acetaminophen,2025-06-09,104
Acetaminophen,2025-06-10,92
Acetaminophen,2025-06-11,110
Acetaminophen,2025-06-12,73
Acetaminophen,2025-06-13,149
Acetaminophen,2025-06-14,40
Acetaminophen,2025-06-15,94
Acetaminophen,2025-06-16,88
Acetaminophen,2025-06-17,114
Acetaminophen,2025-06-18,117
Acetaminophen,2025-06-19,74
Acetaminophen,2025-06-20,134
Acetaminophen,2025-06-21,112
Acetaminophen,2025-06-22,94
Acetaminophen,2025-06-23,39
Acetaminophen,2025-06-24,85
Acetaminophen,2025-06-25,68
Acetaminophen,2025-06-26,73
Acetaminophen,2025-06-27,66
Acetaminophen,2025-06-28,24
Acetaminophen,2025-06-29,12
Acetaminophen,2025-06-30,97
Acetaminophen,2025-07-01,17
Acetaminophen,2025-07-02,47
Acetaminophen,2025-07-03,95
Acetaminophen,2025-07-04,33
Acetaminophen,2025-07-05,45
Acetaminophen,2025-07-06,121
Acetaminophen,2025-07-07,134
Acetaminophen,2025-07-08,94
Acetaminophen,2025-07-09,72
Acetaminophen,2025-07-10,58
Acetaminophen,2025-07-11,96
Acetaminophen,2025-07-12,77
Acetaminophen,2025-07-13,105
Acetaminophen,2025-07-14,125
Acetaminophen,2025-07-15,131
Acetaminophen,2025-07-16,132
Acetaminophen,2025-07-17,59
Acetaminophen,2025-07-18,23
Acetaminophen,2025-07-19,103
Acetaminophen,2025-07-20,93
Acetaminophen,2025-07-21,45
Acetaminophen,2025-07-22,57
Acetaminophen,2025-07-23,76
Acetaminophen,2025-07-24,21
Acetaminophen,2025-07-25,74
Acetaminophen,2025-07-26,48
Acetaminophen,2025-07-27,179
Acetaminophen,2025-07-28,81
Acetaminophen,2025-07-29,70
Acetaminophen,2025-07-30,112
Acetaminophen,2025-07-31,39
Acetaminophen,2025-08-01,85
Acetaminophen,2025-08-02,80
Acetaminophen,2025-08-03,84
Acetaminophen,2025-08-04,54
Acetaminophen,2025-08-05,91
Acetaminophen,2025-08-06,19
Acetaminophen,2025-08-07,127
Acetaminophen,2025-08-08,128
Acetaminophen,2025-08-09,76
Acetaminophen,2025-08-10,131
Acetaminophen,2025-08-11,103
Acetaminophen,2025-08-12,92
Acetaminophen,2025-08-13,56
Acetaminophen,2025-08-14,155
Acetaminophen,2025-08-15,137
Acetaminophen,2025-08-16,119
Acetaminophen,2025-08-17,146
Acetaminophen,2025-08-18,136
Acetaminophen,2025-08-19,83
Acetaminophen,2025-08-20,74
Acetaminophen,2025-08-21,139
Acetaminophen,2025-08-22,50
Acetaminophen,2025-08-23,124
Acetaminophen,2025-08-24,45
Acetaminophen,2025-08-25,32
Acetaminophen,2025-08-26,118
Acetaminophen,2025-08-27,36
Acetaminophen,2025-08-28,8
Acetaminophen,2025-08-29,36
Acetaminophen,2025-08-30,50
Acetaminophen,2025-08-31,121
Acetaminophen,2025-09-01,94
Acetaminophen,2025-09-02,116
Acetaminophen,2025-09-03,36
Acetaminophen,2025-09-04,109
Acetaminophen,2025-09-05,78
Acetaminophen,2025-09-06,51
Acetaminophen,2025-09-07,128
Acetaminophen,2025-09-08,130
Acetaminophen,2025-09-09,107
Penicillin,2024-09-09,79
Penicillin,2024-09-10,101
Penicillin,2024-09-11,108
Penicillin,2024-09-12,115
Penicillin,2024-09-13,111
Penicillin,2024-09-14,93
Penicillin,2024-09-15,114
Penicillin,2024-09-16,99
Penicillin,2024-09-17,112
Penicillin,2024-09-18,113
Penicillin,2024-09-19,109
Penicillin,2024-09-20,105
Penicillin,2024-09-21,103
Penicillin,2024-09-22,111
Penicillin,2024-09-23,97
Penicillin,2024-09-24,83
Penicillin,2024-09-25,79
Penicillin,2024-09-26,61
Penicillin,2024-09-27,79
Penicillin,2024-09-28,78
Penicillin,2024-09-29,73
Penicillin,2024-09-30,92
Penicillin,2024-10-01,83
Penicillin,2024-10-02,70
Penicillin,2024-10-03,80
Penicillin,2024-10-04,64
Penicillin,2024-10-05,72
Penicillin,2024-10-06,79
Penicillin,2024-10-07,80
Penicillin,2024-10-08,76
Penicillin,2024-10-09,114
Penicillin,2024-10-10,90
Penicillin,2024-10-11,110
Penicillin,2024-10-12,97
Penicillin,2024-10-13,115
Penicillin,2024-10-14,107
Penicillin,2024-10-15,105
Penicillin,2024-10-16,102
Penicillin,2024-10-17,112
Penicillin,2024-10-18,101
Penicillin,2024-10-19,110
Penicillin,2024-10-20,92
Penicillin,2024-10-21,114
Penicillin,2024-10-22,85
Penicillin,2024-10-23,97
Penicillin,2024-10-24,93
Penicillin,2024-10-25,87
Penicillin,2024-10-26,88
Penicillin,2024-10-27,93
Penicillin,2024-10-28,59
Penicillin,2024-10-29,79
Penicillin,2024-10-30,85
Penicillin,2024-10-31,57
Penicillin,2024-11-01,77
Penicillin,2024-11-02,60
Penicillin,2024-11-03,80
Penicillin,2024-11-04,69
Penicillin,2024-11-05,58
Penicillin,2024-11-06,77
Penicillin,2024-11-07,79
Penicillin,2024-11-08,71
Penicillin,2024-11-09,104
Penicillin,2024-11-10,101
Penicillin,2024-11-11,93
Penicillin,2024-11-12,84
Penicillin,2024-11-13,124
Penicillin,2024-11-14,106
Penicillin,2024-11-15,94
Penicillin,2024-11-16,99
Penicillin,2024-11-17,112
Penicillin,2024-11-18,112
Penicillin,2024-11-19,98
Penicillin,2024-11-20,97
Penicillin,2024-11-21,87
Penicillin,2024-11-22,126
Penicillin,2024-11-23,94
Penicillin,2024-11-24,95
Penicillin,2024-11-25,92
Penicillin,2024-11-26,92
Penicillin,2024-11-27,60
Penicillin,2024-11-28,52
Penicillin,2024-11-29,68
Penicillin,2024-11-30,62
Penicillin,2024-12-01,54
Penicillin,2024-12-02,67
Penicillin,2024-12-03,82
Penicillin,2024-12-04,65
Penicillin,2024-12-05,43
Penicillin,2024-12-06,87
Penicillin,2024-12-07,102
Penicillin,2024-12-08,100
Penicillin,2024-12-09,115
Penicillin,2024-12-10,91
Penicillin,2024-12-11,124
Penicillin,2024-12-12,107
Penicillin,2024-12-13,119
Penicillin,2024-12-14,118
Penicillin,2024-12-15,122
Penicillin,2024-12-16,80
Penicillin,2024-12-17,108
Penicillin,2024-12-18,99
Penicillin,2024-12-19,97
Penicillin,2024-12-20,100
Penicillin,2024-12-21,83
Penicillin,2024-12-22,113
Penicillin,2024-12-23,83
Penicillin,2024-12-24,93
Penicillin,2024-12-25,81
Penicillin,2024-12-26,68
Penicillin,2024-12-27,62
Penicillin,2024-12-28,65
Penicillin,2024-12-29,77
Penicillin,2024-12-30,43
Penicillin,2024-12-31,71
Penicillin,2025-01-01,63
Penicillin,2025-01-02,38
Penicillin,2025-01-03,80
Penicillin,2025-01-04,63
Penicillin,2025-01-05,71
Penicillin,2025-01-06,110
Penicillin,2025-01-07,87
Penicillin,2025-01-08,115
Penicillin,2025-01-09,92
Penicillin,2025-01-10,112
Penicillin,2025-01-11,106
Penicillin,2025-01-12,124
Penicillin,2025-01-13,104
Penicillin,2025-01-14,117
Penicillin,2025-01-15,110
Penicillin,2025-01-16,125
Penicillin,2025-01-17,104
Penicillin,2025-01-18,117
Penicillin,2025-01-19,93
Penicillin,2025-01-20,81
Penicillin,2025-01-21,77
Penicillin,2025-01-22,100
Penicillin,2025-01-23,85
Penicillin,2025-01-24,59
Penicillin,2025-01-25,81
Penicillin,2025-01-26,71
Penicillin,2025-01-27,52
Penicillin,2025-01-28,56
Penicillin,2025-01-29,68
Penicillin,2025-01-30,50
Penicillin,2025-01-31,88
Penicillin,2025-02-01,85
Penicillin,2025-02-02,111
Penicillin,2025-02-03,63
Penicillin,2025-02-04,104
Penicillin,2025-02-05,91
Penicillin,2025-02-06,105
Penicillin,2025-02-07,78
Penicillin,2025-02-08,92
Penicillin,2025-02-09,94
Penicillin,2025-02-10,114
Penicillin,2025-02-11,96
Penicillin,2025-02-12,103
Penicillin,2025-02-13,123
Penicillin,2025-02-14,115
Penicillin,2025-02-15,86
Penicillin,2025-02-16,92
Penicillin,2025-02-17,120
Penicillin,2025-02-18,92
Penicillin,2025-02-19,84
Penicillin,2025-02-20,89
Penicillin,2025-02-21,95
Penicillin,2025-02-22,87
Penicillin,2025-02-23,68
Penicillin,2025-02-24,69
Penicillin,2025-02-25,72
Penicillin,2025-02-26,104
Penicillin,2025-02-27,27
Penicillin,2025-02-28,66
Penicillin,2025-03-01,60
Penicillin,2025-03-02,33
Penicillin,2025-03-03,86
Penicillin,2025-03-04,93
Penicillin,2025-03-05,48
Penicillin,2025-03-06,108
Penicillin,2025-03-07,66
Penicillin,2025-03-08,39
Penicillin,2025-03-09,77
Penicillin,2025-03-10,106
Penicillin,2025-03-11,126
Penicillin,2025-03-12,115
Penicillin,2025-03-13,115
Penicillin,2025-03-14,106
Penicillin,2025-03-15,152
Penicillin,2025-03-16,81
Penicillin,2025-03-17,103
Penicillin,2025-03-18,103
Penicillin,2025-03-19,82
Penicillin,2025-03-20,113
Penicillin,2025-03-21,94
Penicillin,2025-03-22,105
Penicillin,2025-03-23,115
Penicillin,2025-03-24,47
Penicillin,2025-03-25,99
Penicillin,2025-03-26,93
Penicillin,2025-03-27,96
Penicillin,2025-03-28,18
Penicillin,2025-03-29,56
Penicillin,2025-03-30,114
Penicillin,2025-03-31,108
Penicillin,2025-04-01,109
Penicillin,2025-04-02,42
Penicillin,2025-04-03,112
Penicillin,2025-04-04,96
Penicillin,2025-04-05,89
Penicillin,2025-04-06,77
Penicillin,2025-04-07,120
Penicillin,2025-04-08,100
Penicillin,2025-04-09,100
Penicillin,2025-04-10,106
Penicillin,2025-04-11,166
Penicillin,2025-04-12,124
Penicillin,2025-04-13,92
Penicillin,2025-04-14,111
Penicillin,2025-04-15,102
Penicillin,2025-04-16,110
Penicillin,2025-04-17,143
Penicillin,2025-04-18,81
Penicillin,2025-04-19,103
Penicillin,2025-04-20,77
Penicillin,2025-04-21,127
Penicillin,2025-04-22,91
Penicillin,2025-04-23,51
Penicillin,2025-04-24,102
Penicillin,2025-04-25,84
Penicillin,2025-04-26,55
Penicillin,2025-04-27,36
Penicillin,2025-04-28,26
Penicillin,2025-04-29,74
Penicillin,2025-04-30,81
Penicillin,2025-05-01,37
Penicillin,2025-05-02,41
Penicillin,2025-05-03,59
Penicillin,2025-05-04,36
Penicillin,2025-05-05,109
Penicillin,2025-05-06,104
Penicillin,2025-05-07,118
Penicillin,2025-05-08,94
Penicillin,2025-05-09,108
Penicillin,2025-05-10,125
Penicillin,2025-05-11,156
Penicillin,2025-05-12,100
Penicillin,2025-05-13,88
Penicillin,2025-05-14,86
Penicillin,2025-05-15,122
Penicillin,2025-05-16,112
Penicillin,2025-05-17,90
Penicillin,2025-05-18,95
Penicillin,2025-05-19,95
Penicillin,2025-05-20,116
Penicillin,2025-05-21,100
Penicillin,2025-05-22,99
Penicillin,2025-05-23,102
Penicillin,2025-05-24,39
Penicillin,2025-05-25,47
Penicillin,2025-05-26,101
Penicillin,2025-05-27,75
Penicillin,2025-05-28,53
Penicillin,2025-05-29,96
Penicillin,2025-05-30,51
Penicillin,2025-05-31,88
Penicillin,2025-06-01,107
Penicillin,2025-06-02,72
Penicillin,2025-06-03,65
Penicillin,2025-06-04,85
Penicillin,2025-06-05,40
Penicillin,2025-06-06,99
Penicillin,2025-06-07,99
Penicillin,2025-06-08,98
Penicillin,2025-06-09,116
Penicillin,2025-06-10,118
Penicillin,2025-06-11,93
Penicillin,2025-06-12,122
Penicillin,2025-06-13,81
Penicillin,2025-06-14,147
Penicillin,2025-06-15,117
Penicillin,2025-06-16,92
Penicillin,2025-06-17,78
Penicillin,2025-06-18,75
Penicillin,2025-06-19,96
Penicillin,2025-06-20,94
Penicillin,2025-06-21,111
Penicillin,2025-06-22,109
Penicillin,2025-06-23,95
Penicillin,2025-06-24,72
Penicillin,2025-06-25,52
Penicillin,2025-06-26,49
Penicillin,2025-06-27,49
Penicillin,2025-06-28,120
Penicillin,2025-06-29,43
Penicillin,2025-06-30,72
Penicillin,2025-07-01,12
Penicillin,2025-07-02,47
Penicillin,2025-07-03,87
Penicillin,2025-07-04,29
Penicillin,2025-07-05,38
Penicillin,2025-07-06,130
Penicillin,2025-07-07,53
Penicillin,2025-07-08,90
Penicillin,2025-07-09,115
Penicillin,2025-07-10,139
Penicillin,2025-07-11,107
Penicillin,2025-07-12,117
Penicillin,2025-07-13,52
Penicillin,2025-07-14,55
Penicillin,2025-07-15,95
Penicillin,2025-07-16,162
Penicillin,2025-07-17,123
Penicillin,2025-07-18,146
Penicillin,2025-07-19,94
Penicillin,2025-07-20,127
Penicillin,2025-07-21,73
Penicillin,2025-07-22,60
Penicillin,2025-07-23,32
Penicillin,2025-07-24,71
Penicillin,2025-07-25,30
Penicillin,2025-07-26,108
Penicillin,2025-07-27,100
Penicillin,2025-07-28,33
Penicillin,2025-07-29,32
Penicillin,2025-07-30,135
Penicillin,2025-07-31,103
Penicillin,2025-08-01,82
Penicillin,2025-08-02,79
Penicillin,2025-08-03,44
Penicillin,2025-08-04,105
Penicillin,2025-08-05,105
Penicillin,2025-08-06,131
Penicillin,2025-08-07,63
Penicillin,2025-08-08,115
Penicillin,2025-08-09,75
Penicillin,2025-08-10,117
Penicillin,2025-08-11,123
Penicillin,2025-08-12,91
Penicillin,2025-08-13,149
Penicillin,2025-08-14,145
Penicillin,2025-08-15,151
Penicillin,2025-08-16,112
Penicillin,2025-08-17,65
Penicillin,2025-08-18,103
Penicillin,2025-08-19,94
Penicillin,2025-08-20,101
Penicillin,2025-08-21,80
Penicillin,2025-08-22,29
Penicillin,2025-08-23,80
Penicillin,2025-08-24,49
Penicillin,2025-08-25,18
Penicillin,2025-08-26,28
Penicillin,2025-08-27,80
Penicillin,2025-08-28,59
Penicillin,2025-08-29,49
Penicillin,2025-08-30,100
Penicillin,2025-08-31,53
Penicillin,2025-09-01,141
Penicillin,2025-09-02,62
Penicillin,2025-09-03,65
Penicillin,2025-09-04,77
Penicillin,2025-09-05,116
Penicillin,2025-09-06,79
Penicillin,2025-09-07,130
Penicillin,2025-09-08,30
Penicillin,2025-09-09,164
Amoxicillin,2024-09-09,57
Amoxicillin,2024-09-10,47
Amoxicillin,2024-09-11,53
Amoxicillin,2024-09-12,72
Amoxicillin,2024-09-13,42
Amoxicillin,2024-09-14,58
Amoxicillin,2024-09-15,76
Amoxicillin,2024-09-16,87
Amoxicillin,2024-09-17,87
Amoxicillin,2024-09-18,88
Amoxicillin,2024-09-19,58
Amoxicillin,2024-09-20,62
Amoxicillin,2024-09-21,70
Amoxicillin,2024-09-22,25
Amoxicillin,2024-09-23,53
Amoxicillin,2024-09-24,35
Amoxicillin,2024-09-25,32
Amoxicillin,2024-09-26,39
Amoxicillin,2024-09-27,21
Amoxicillin,2024-09-28,24
Amoxicillin,2024-09-29,11
Amoxicillin,2024-09-30,35
Amoxicillin,2024-10-01,36
Amoxicillin,2024-10-02,33
Amoxicillin,2024-10-03,57
Amoxicillin,2024-10-04,33
Amoxicillin,2024-10-05,43
Amoxicillin,2024-10-06,14
Amoxicillin,2024-10-07,51
Amoxicillin,2024-10-08,42
Amoxicillin,2024-10-09,38
Amoxicillin,2024-10-10,45
Amoxicillin,2024-10-11,59
Amoxicillin,2024-10-12,68
Amoxicillin,2024-10-13,63
Amoxicillin,2024-10-14,70
Amoxicillin,2024-10-15,42
Amoxicillin,2024-10-16,69
Amoxicillin,2024-10-17,75
Amoxicillin,2024-10-18,76
Amoxicillin,2024-10-19,70
Amoxicillin,2024-10-20,36
Amoxicillin,2024-10-21,41
Amoxicillin,2024-10-22,75
Amoxicillin,2024-10-23,64
Amoxicillin,2024-10-24,45
Amoxicillin,2024-10-25,61
Amoxicillin,2024-10-26,37
Amoxicillin,2024-10-27,18
Amoxicillin,2024-10-28,32
Amoxicillin,2024-10-29,39
Amoxicillin,2024-10-30,41
Amoxicillin,2024-10-31,43
Amoxicillin,2024-11-01,33
Amoxicillin,2024-11-02,37
Amoxicillin,2024-11-03,8
Amoxicillin,2024-11-04,49
Amoxicillin,2024-11-05,30
Amoxicillin,2024-11-06,47
Amoxicillin,2024-11-07,37
Amoxicillin,2024-11-08,43
Amoxicillin,2024-11-09,48
Amoxicillin,2024-11-10,77
Amoxicillin,2024-11-11,65
Amoxicillin,2024-11-12,67
Amoxicillin,2024-11-13,63
Amoxicillin,2024-11-14,60
Amoxicillin,2024-11-15,95
Amoxicillin,2024-11-16,75
Amoxicillin,2024-11-17,86
Amoxicillin,2024-11-18,71
Amoxicillin,2024-11-19,70
Amoxicillin,2024-11-20,48
Amoxicillin,2024-11-21,54
Amoxicillin,2024-11-22,48
Amoxicillin,2024-11-23,39
Amoxicillin,2024-11-24,43
Amoxicillin,2024-11-25,41
Amoxicillin,2024-11-26,38
Amoxicillin,2024-11-27,52
Amoxicillin,2024-11-28,46
Amoxicillin,2024-11-29,4
Amoxicillin,2024-11-30,40
Amoxicillin,2024-12-01,36
Amoxicillin,2024-12-02,35
Amoxicillin,2024-12-03,47
Amoxicillin,2024-12-04,35
Amoxicillin,2024-12-05,36
Amoxicillin,2024-12-06,50
Amoxicillin,2024-12-07,41
Amoxicillin,2024-12-08,71
Amoxicillin,2024-12-09,60
Amoxicillin,2024-12-10,61
Amoxicillin,2024-12-11,45
Amoxicillin,2024-12-12,82
Amoxicillin,2024-12-13,37
Amoxicillin,2024-12-14,98
Amoxicillin,2024-12-15,79
Amoxicillin,2024-12-16,54
Amoxicillin,2024-12-17,63
Amoxicillin,2024-12-18,67
Amoxicillin,2024-12-19,61
Amoxicillin,2024-12-20,45
Amoxicillin,2024-12-21,44
Amoxicillin,2024-12-22,64
Amoxicillin,2024-12-23,66
Amoxicillin,2024-12-24,47
Amoxicillin,2024-12-25,45
Amoxicillin,2024-12-26,44
Amoxicillin,2024-12-27,20
Amoxicillin,2024-12-28,20
Amoxicillin,2024-12-29,25
Amoxicillin,2024-12-30,50
Amoxicillin,2024-12-31,29
Amoxicillin,2025-01-01,30
Amoxicillin,2025-01-02,39
Amoxicillin,2025-01-03,42
Amoxicillin,2025-01-04,28
Amoxicillin,2025-01-05,61
Amoxicillin,2025-01-06,38
Amoxicillin,2025-01-07,41
Amoxicillin,2025-01-08,58
Amoxicillin,2025-01-09,69
Amoxicillin,2025-01-10,62
Amoxicillin,2025-01-11,30
Amoxicillin,2025-01-12,76
Amoxicillin,2025-01-13,77
Amoxicillin,2025-01-14,61
Amoxicillin,2025-01-15,79
Amoxicillin,2025-01-16,80
Amoxicillin,2025-01-17,56
Amoxicillin,2025-01-18,44
Amoxicillin,2025-01-19,70
Amoxicillin,2025-01-20,55
Amoxicillin,2025-01-21,68
Amoxicillin,2025-01-22,33
Amoxicillin,2025-01-23,27
Amoxicillin,2025-01-24,66
Amoxicillin,2025-01-25,53
Amoxicillin,2025-01-26,57
Amoxicillin,2025-01-27,40
Amoxicillin,2025-01-28,41
Amoxicillin,2025-01-29,18
Amoxicillin,2025-01-30,35
Amoxicillin,2025-01-31,0
Amoxicillin,2025-02-01,35
Amoxicillin,2025-02-02,44
Amoxicillin,2025-02-03,32
Amoxicillin,2025-02-04,13
Amoxicillin,2025-02-05,34
Amoxicillin,2025-02-06,57
Amoxicillin,2025-02-07,54
Amoxicillin,2025-02-08,46
Amoxicillin,2025-02-09,47
Amoxicillin,2025-02-10,52
Amoxicillin,2025-02-11,59
Amoxicillin,2025-02-12,72
Amoxicillin,2025-02-13,60
Amoxicillin,2025-02-14,57
Amoxicillin,2025-02-15,79
Amoxicillin,2025-02-16,114
Amoxicillin,2025-02-17,54
Amoxicillin,2025-02-18,40
Amoxicillin,2025-02-19,53
Amoxicillin,2025-02-20,70
Amoxicillin,2025-02-21,51
Amoxicillin,2025-02-22,59
Amoxicillin,2025-02-23,39
Amoxicillin,2025-02-24,38
Amoxicillin,2025-02-25,66
Amoxicillin,2025-02-26,0
Amoxicillin,2025-02-27,32
Amoxicillin,2025-02-28,13
Amoxicillin,2025-03-01,70
Amoxicillin,2025-03-02,66
Amoxicillin,2025-03-03,0
Amoxicillin,2025-03-04,46
Amoxicillin,2025-03-05,8
Amoxicillin,2025-03-06,5
Amoxicillin,2025-03-07,32
Amoxicillin,2025-03-08,37
Amoxicillin,2025-03-09,66
Amoxicillin,2025-03-10,64
Amoxicillin,2025-03-11,77
Amoxicillin,2025-03-12,90
Amoxicillin,2025-03-13,86
Amoxicillin,2025-03-14,51
Amoxicillin,2025-03-15,71
Amoxicillin,2025-03-16,77
Amoxicillin,2025-03-17,76
Amoxicillin,2025-03-18,21
Amoxicillin,2025-03-19,42
Amoxicillin,2025-03-20,52
Amoxicillin,2025-03-21,15
Amoxicillin,2025-03-22,51
Amoxicillin,2025-03-23,46
Amoxicillin,2025-03-24,38
Amoxicillin,2025-03-25,48
Amoxicillin,2025-03-26,29
Amoxicillin,2025-03-27,19
Amoxicillin,2025-03-28,45
Amoxicillin,2025-03-29,41
Amoxicillin,2025-03-30,76
Amoxicillin,2025-03-31,7
Amoxicillin,2025-04-01,37
Amoxicillin,2025-04-02,35
Amoxicillin,2025-04-03,41
Amoxicillin,2025-04-04,12
Amoxicillin,2025-04-05,43
Amoxicillin,2025-04-06,57
Amoxicillin,2025-04-07,54
Amoxicillin,2025-04-08,92
Amoxicillin,2025-04-09,29
Amoxicillin,2025-04-10,46
Amoxicillin,2025-04-11,72
Amoxicillin,2025-04-12,115
Amoxicillin,2025-04-13,49
Amoxicillin,2025-04-14,116
Amoxicillin,2025-04-15,61
Amoxicillin,2025-04-16,76
Amoxicillin,2025-04-17,69
Amoxicillin,2025-04-18,26
Amoxicillin,2025-04-19,49
Amoxicillin,2025-04-20,38
Amoxicillin,2025-04-21,53
Amoxicillin,2025-04-22,9
Amoxicillin,2025-04-23,49
Amoxicillin,2025-04-24,54
Amoxicillin,2025-04-25,42
Amoxicillin,2025-04-26,0
Amoxicillin,2025-04-27,12
Amoxicillin,2025-04-28,3
Amoxicillin,2025-04-29,25
Amoxicillin,2025-04-30,15
Amoxicillin,2025-05-01,64
Amoxicillin,2025-05-02,24
Amoxicillin,2025-05-03,34
Amoxicillin,2025-05-04,0
Amoxicillin,2025-05-05,37
Amoxicillin,2025-05-06,37
Amoxicillin,2025-05-07,47
Amoxicillin,2025-05-08,48
Amoxicillin,2025-05-09,60
Amoxicillin,2025-05-10,68
Amoxicillin,2025-05-11,64
Amoxicillin,2025-05-12,75
Amoxicillin,2025-05-13,79
Amoxicillin,2025-05-14,66
Amoxicillin,2025-05-15,78
Amoxicillin,2025-05-16,37
Amoxicillin,2025-05-17,77
Amoxicillin,2025-05-18,123
Amoxicillin,2025-05-19,110
Amoxicillin,2025-05-20,47
Amoxicillin,2025-05-21,16
Amoxicillin,2025-05-22,76
Amoxicillin,2025-05-23,85
Amoxicillin,2025-05-24,0
Amoxicillin,2025-05-25,84
Amoxicillin,2025-05-26,36
Amoxicillin,2025-05-27,40
Amoxicillin,2025-05-28,41
Amoxicillin,2025-05-29,10
Amoxicillin,2025-05-30,10
Amoxicillin,2025-05-31,70
Amoxicillin,2025-06-01,1
Amoxicillin,2025-06-02,31
Amoxicillin,2025-06-03,52
Amoxicillin,2025-06-04,42
Amoxicillin,2025-06-05,32
Amoxicillin,2025-06-06,60
Amoxicillin,2025-06-07,114
Amoxicillin,2025-06-08,121
Amoxicillin,2025-06-09,94
Amoxicillin,2025-06-10,91
Amoxicillin,2025-06-11,15
Amoxicillin,2025-06-12,94
Amoxicillin,2025-06-13,83
Amoxicillin,2025-06-14,84
Amoxicillin,2025-06-15,40
Amoxicillin,2025-06-16,30
Amoxicillin,2025-06-17,66
Amoxicillin,2025-06-18,61
Amoxicillin,2025-06-19,59
Amoxicillin,2025-06-20,51
Amoxicillin,2025-06-21,81
Amoxicillin,2025-06-22,45
Amoxicillin,2025-06-23,54
Amoxicillin,2025-06-24,50
Amoxicillin,2025-06-25,83
Amoxicillin,2025-06-26,31
Amoxicillin,2025-06-27,6
Amoxicillin,2025-06-28,56
Amoxicillin,2025-06-29,57
Amoxicillin,2025-06-30,57
Amoxicillin,2025-07-01,42
Amoxicillin,2025-07-02,61
Amoxicillin,2025-07-03,0
Amoxicillin,2025-07-04,34
Amoxicillin,2025-07-05,20
Amoxicillin,2025-07-06,35
Amoxicillin,2025-07-07,16
Amoxicillin,2025-07-08,36
Amoxicillin,2025-07-09,40
Amoxicillin,2025-07-10,123
Amoxicillin,2025-07-11,65
Amoxicillin,2025-07-12,80
Amoxicillin,2025-07-13,83
Amoxicillin,2025-07-14,21
Amoxicillin,2025-07-15,49
Amoxicillin,2025-07-16,103
Amoxicillin,2025-07-17,104
Amoxicillin,2025-07-18,57
Amoxicillin,2025-07-19,39
Amoxicillin,2025-07-20,9
Amoxicillin,2025-07-21,70
Amoxicillin,2025-07-22,51
Amoxicillin,2025-07-23,3
Amoxicillin,2025-07-24,44
Amoxicillin,2025-07-25,48
Amoxicillin,2025-07-26,26
Amoxicillin,2025-07-27,6
Amoxicillin,2025-07-28,53
Amoxicillin,2025-07-29,68
Amoxicillin,2025-07-30,16
Amoxicillin,2025-07-31,0
Amoxicillin,2025-08-01,50
Amoxicillin,2025-08-02,0
Amoxicillin,2025-08-03,13
Amoxicillin,2025-08-04,69
Amoxicillin,2025-08-05,29
Amoxicillin,2025-08-06,98
Amoxicillin,2025-08-07,138
Amoxicillin,2025-08-08,128
Amoxicillin,2025-08-09,33
Amoxicillin,2025-08-10,68
Amoxicillin,2025-08-11,34
Amoxicillin,2025-08-12,98
Amoxicillin,2025-08-13,116
Amoxicillin,2025-08-14,1
Amoxicillin,2025-08-15,7
Amoxicillin,2025-08-16,15
Amoxicillin,2025-08-17,75
Amoxicillin,2025-08-18,124
Amoxicillin,2025-08-19,127
Amoxicillin,2025-08-20,32
Amoxicillin,2025-08-21,82
Amoxicillin,2025-08-22,32
Amoxicillin,2025-08-23,0
Amoxicillin,2025-08-24,0
Amoxicillin,2025-08-25,40
Amoxicillin,2025-08-26,78
Amoxicillin,2025-08-27,17
Amoxicillin,2025-08-28,0
Amoxicillin,2025-08-29,19
Amoxicillin,2025-08-30,8
Amoxicillin,2025-08-31,75
Amoxicillin,2025-09-01,85
Amoxicillin,2025-09-02,20
Amoxicillin,2025-09-03,0
Amoxicillin,2025-09-04,91
Amoxicillin,2025-09-05,74
Amoxicillin,2025-09-06,66
Amoxicillin,2025-09-07,23
Amoxicillin,2025-09-08,48
Amoxicillin,2025-09-09,41
